{
    "anchor": [
        0.0,
        0.0
    ],
    "children": [
        {
            "anchor": [
                0.0,
                0.0
            ],
            "color": [
                0.9019607901573181,
                0.6234140396118164,
                0.22549019753932953,
                0.5333333611488342
            ],
            "isVisible": true,
            "name": "element : PauseNameUI",
            "pos": [
                0.0,
                -134.0,
                0.0
            ],
            "relativePos": [
                0.0,
                0.0,
                0.0
            ],
            "rot": [
                0.0,
                0.0,
                0.0
            ],
            "scale": [
                36.0,
                8.0,
                1.0
            ],
            "texture": "GridLine"
        }
    ],
    "color": [
        0.07058823853731155,
        0.062745101749897,
        0.062745101749897,
        0.8941176533699036
    ],
    "isVisible": true,
    "name": "PauseBackUI",
    "pos": [
        632.0,
        352.0,
        0.0
    ],
    "relativePos": [
        0.0,
        0.0,
        0.0
    ],
    "rot": [
        0.0,
        0.0,
        0.0
    ],
    "scale": [
        79.0,
        44.0,
        1.0
    ],
    "texture": "GridLine",
    "type": "Container"
}