{
    "Player": {
        "gravity": 0.09799999743700027,
        "speed": 2.0829999446868896,
        "test": 52.08300018310547
    }
}
