{
    "emitters": [
        {
            "emitNum": 2,
            "endColor": [
                0.05392158031463623,
                0.0007929651765152812,
                0.0007929651765152812,
                0.0
            ],
            "maxLife": 3.0,
            "maxVelocity": [
                0.0,
                0.25,
                0.0
            ],
            "minLife": 1.0,
            "minVelocity": [
                0.0,
                -0.25,
                0.0
            ],
            "name": "Fire",
            "spawnRadius": 0.10000000149011612,
            "startColor": [
                0.8284313678741455,
                0.008121900260448456,
                0.008121900260448456,
                1.0
            ],
            "translation": [
                0.0,
                0.0,
                0.0
            ]
        },
        {
            "emitNum": 1,
            "endColor": [
                0.013586408458650112,
                0.008650523610413074,
                0.1764705777168274,
                0.0
            ],
            "maxLife": 2.0,
            "maxVelocity": [
                0.0,
                0.25,
                0.0
            ],
            "minLife": 1.0,
            "minVelocity": [
                0.0,
                -0.25,
                0.0
            ],
            "name": "FireMid",
            "spawnRadius": 0.10000000149011612,
            "startColor": [
                0.2579777240753174,
                0.2579777240753174,
                0.8627451062202454,
                1.0
            ],
            "translation": [
                0.0,
                0.0,
                0.0
            ]
        }
    ],
    "forceFields": [
        {
            "direction": [
                0.0,
                0.20000000298023224,
                0.0
            ],
            "name": "FireUp",
            "radius": 4.0,
            "strength": 1.0,
            "translation": [
                0.0,
                1.0,
                0.0
            ],
            "type": 0
        },
        {
            "name": "FireUp",
            "radius": 8.0,
            "strength": 1.0,
            "translation": [
                0.0,
                7.0,
                0.0
            ],
            "type": 1
        }
    ]
}